{	
	"items": [{
		"id": 0,
		"male": "man",
		"category": "Рюкзаки",
		"title_declaration": "Рюкзак",
		"title_name": "Элит",
		"price": 12500,
		"sale": false,
		"detail": " Рюкзак Элит - одновременное сочетание современных элементов с люксовыми сумками 19 века. Подойдет для молодох людей котороые бла бла бла ывподыв привет увплвтуетуи.",
		"material": "Натуральная итальянская кожа",
		"color": "Коричневый",
		"size": "25 x 12cm",
		"made": "Полностью ручная работа",
		"time_made": "1-2 дня",
		"images_quantity": "4",
		"img1": "./db/img/item1.jpg",
		"img2": "./db/img/item2.jpg",
		"img3": "./db/img/item3.jpg",
		"img4": "./db/img/item4.jpg"
	},{
		"id": 1,
		"male": "man",
		"category": "Рюкзаки",
		"title_declaration": "Рюкзак",
		"title_name": "Элит",
		"price": 10000,
		"sale": true,
		"detail": " Рюкзак Элит - одновременное сочетание современных элементов с люксовыми сумками 19 века. Подойдет для молодох людей котороые бла бла бла ывподыв привет увплвтуетуи.",
		"material": "Натуральная итальянская кожа",
		"color": "Коричневый",
		"size": "25 x 12cm",
		"made": "Полностью ручная работа",
		"time_made": "1-2 дня",
		"images_quantity": "4",
		"img1": "./db/img/item2.jpg",
		"img2": "./db/img/item2.jpg",
		"img3": "./db/img/item3.jpg",
		"img4": "./db/img/item4.jpg"
	},{
		"id": 2,
		"male": "woman",
		"category": "Рюкзаки",
		"title_declaration": "Рюкзак",
		"title_name": "Элит",
		"price": 12500,
		"sale": false,
		"detail": " Рюкзак Элит - одновременное сочетание современных элементов с люксовыми сумками 19 века. Подойдет для молодох людей котороые бла бла бла ывподыв привет увплвтуетуи.",
		"material": "Натуральная итальянская кожа",
		"color": "Коричневый",
		"size": "25 x 12cm",
		"made": "Полностью ручная работа",
		"time_made": "1-2 дня",
		"images_quantity": "4",
		"img1": "./db/img/item3.jpg",
		"img2": "./db/img/item2.jpg",
		"img3": "./db/img/item3.jpg",
		"img4": "./db/img/item4.jpg"
	},{
		"id": 3,
		"male": "woman",
		"category": "Сумки",
		"title_declaration": "Сумка",
		"title_name": "Элит",
		"price": 10000,
		"sale": true,
		"detail": " Рюкзак Элит - одновременное сочетание современных элементов с люксовыми сумками 19 века. Подойдет для молодох людей котороые бла бла бла ывподыв привет увплвтуетуи.",
		"material": "Натуральная итальянская кожа",
		"color": "Коричневый",
		"size": "25 x 12cm",
		"made": "Полностью ручная работа",
		"time_made": "1-2 дня",
		"images_quantity": "4",
		"img1": "./db/img/item21.jpg",
		"img2": "./db/img/item2.jpg",
		"img3": "./db/img/item3.jpg",
		"img4": "./db/img/item4.jpg"
	},{
		"id": 4,
		"male": "woman",
		"category": "Саквояжи",
		"title_declaration": "Саквояж",
		"title_name": "Элит",
		"price": 12500,
		"sale": false,
		"detail": " Рюкзак Элит - одновременное сочетание современных элементов с люксовыми сумками 19 века. Подойдет для молодох людей котороые бла бла бла ывподыв привет увплвтуетуи.",
		"material": "Натуральная итальянская кожа",
		"color": "Коричневый",
		"size": "25 x 12cm",
		"made": "Полностью ручная работа",
		"time_made": "1-2 дня",
		"images_quantity": "4",
		"img1": "./db/img/item4.jpg",
		"img2": "./db/img/item2.jpg",
		"img3": "./db/img/item3.jpg",
		"img4": "./db/img/item4.jpg"
	},{
		"id": 5,
		"male": "woman",
		"category": "Клатчи",
		"title_declaration": "Клатч",
		"title_name": "Элит",
		"price": 12500,
		"sale": false,
		"detail": " Рюкзак Элит - одновременное сочетание современных элементов с люксовыми сумками 19 века. Подойдет для молодох людей котороые бла бла бла ывподыв привет увплвтуетуи.",
		"material": "Натуральная итальянская кожа",
		"color": "Коричневый",
		"size": "25 x 12cm",
		"made": "Полностью ручная работа",
		"time_made": "1-2 дня",
		"images_quantity": "4",
		"img1": "./db/img/item5.jpg",
		"img2": "./db/img/item2.jpg",
		"img3": "./db/img/item3.jpg",
		"img4": "./db/img/item4.jpg"
	},{
		"id": 6,
		"male": "woman",
		"category": "Поптмоне",
		"title_declaration": "Портмоне",
		"title_name": "Элит",
		"price": 12500,
		"sale": false,
		"detail": " Рюкзак Элит - одновременное сочетание современных элементов с люксовыми сумками 19 века. Подойдет для молодох людей котороые бла бла бла ывподыв привет увплвтуетуи.",
		"material": "Натуральная итальянская кожа",
		"color": "Коричневый",
		"size": "25 x 12cm",
		"made": "Полностью ручная работа",
		"time_made": "1-2 дня",
		"images_quantity": "4",
		"img1": "./db/img/item6.jpg",
		"img2": "./db/img/item2.jpg",
		"img3": "./db/img/item3.jpg",
		"img4": "./db/img/item4.jpg"
	},{
		"id": 7,
		"male": "man",
		"category": "Сумки",
		"title_declaration": "Сумка",
		"title_name": "Элит",
		"price": 12500,
		"sale": false,
		"detail": " Рюкзак Элит - одновременное сочетание современных элементов с люксовыми сумками 19 века. Подойдет для молодох людей котороые бла бла бла ывподыв привет увплвтуетуи.",
		"material": "Натуральная итальянская кожа",
		"color": "Коричневый",
		"size": "25 x 12cm",
		"made": "Полностью ручная работа",
		"time_made": "1-2 дня",
		"images_quantity": "4",
		"img1": "./db/img/item7.jpg",
		"img2": "./db/img/item2.jpg",
		"img3": "./db/img/item3.jpg",
		"img4": "./db/img/item4.jpg"
	},{
		"id": 8,
		"male": "man",
		"category": "Саквояжи",
		"title_declaration": "Сажвояж",
		"title_name": "Элит",
		"price": 12500,
		"sale": false,
		"detail": " Рюкзак Элит - одновременное сочетание современных элементов с люксовыми сумками 19 века. Подойдет для молодох людей котороые бла бла бла ывподыв привет увплвтуетуи.",
		"material": "Натуральная итальянская кожа",
		"color": "Коричневый",
		"size": "25 x 12cm",
		"made": "Полностью ручная работа",
		"time_made": "1-2 дня",
		"images_quantity": "4",
		"img1": "./db/img/item8.jpg",
		"img2": "./db/img/item2.jpg",
		"img3": "./db/img/item3.jpg",
		"img4": "./db/img/item4.jpg"
	},{
		"id": 9,
		"male": "man",
		"category": "Дорожные сумки",
		"title_declaration": "Дорожная сумка",
		"title_name": "Элит",
		"price": 12500,
		"sale": false,
		"detail": " Рюкзак Элит - одновременное сочетание современных элементов с люксовыми сумками 19 века. Подойдет для молодох людей котороые бла бла бла ывподыв привет увплвтуетуи.",
		"material": "Натуральная итальянская кожа",
		"color": "Коричневый",
		"size": "25 x 12cm",
		"made": "Полностью ручная работа",
		"time_made": "1-2 дня",
		"images_quantity": "4",
		"img1": "./db/img/item9.jpg",
		"img2": "./db/img/item2.jpg",
		"img3": "./db/img/item3.jpg",
		"img4": "./db/img/item4.jpg"
	},{
		"id": 10,
		"male": "man",
		"category": "Портфели",
		"title_declaration": "Портфель",
		"title_name": "Элит",
		"price": 12500,
		"sale": false,
		"detail": " Рюкзак Элит - одновременное сочетание современных элементов с люксовыми сумками 19 века. Подойдет для молодох людей котороые бла бла бла ывподыв привет увплвтуетуи.",
		"material": "Натуральная итальянская кожа",
		"color": "Коричневый",
		"size": "25 x 12cm",
		"made": "Полностью ручная работа",
		"time_made": "1-2 дня",
		"images_quantity": "4",
		"img1": "./db/img/item10.jpg",
		"img2": "./db/img/item2.jpg",
		"img3": "./db/img/item3.jpg",
		"img4": "./db/img/item4.jpg"
	},{
		"id": 11,
		"male": "man",
		"category": "Рюкзаки",
		"title_declaration": "Рюкзак",
		"title_name": "Элит",
		"price": 12500,
		"sale": false,
		"detail": " Рюкзак Элит - одновременное сочетание современных элементов с люксовыми сумками 19 века. Подойдет для молодох людей котороые бла бла бла ывподыв привет увплвтуетуи.",
		"material": "Натуральная итальянская кожа",
		"color": "Коричневый",
		"size": "25 x 12cm",
		"made": "Полностью ручная работа",
		"time_made": "1-2 дня",
		"images_quantity": "4",
		"img1": "./db/img/item11.jpg",
		"img2": "./db/img/item2.jpg",
		"img3": "./db/img/item3.jpg",
		"img4": "./db/img/item4.jpg"
	},{
		"id": 12,
		"male": "man",
		"category": "Клатчи",
		"title_declaration": "Клатч",
		"title_name": "Элит",
		"price": 12500,
		"sale": false,
		"detail": " Рюкзак Элит - одновременное сочетание современных элементов с люксовыми сумками 19 века. Подойдет для молодох людей котороые бла бла бла ывподыв привет увплвтуетуи.",
		"material": "Натуральная итальянская кожа",
		"color": "Коричневый",
		"size": "25 x 12cm",
		"made": "Полностью ручная работа",
		"time_made": "1-2 дня",
		"images_quantity": "4",
		"img1": "./db/img/item12.jpg",
		"img2": "./db/img/item2.jpg",
		"img3": "./db/img/item3.jpg",
		"img4": "./db/img/item4.jpg"
	},{
		"id": 13,
		"male": "man",
		"category": "Портмоне",
		"title_declaration": "Портмоне",
		"title_name": "Элит",
		"price": 12500,
		"sale": false,
		"detail": " Рюкзак Элит - одновременное сочетание современных элементов с люксовыми сумками 19 века. Подойдет для молодох людей котороые бла бла бла ывподыв привет увплвтуетуи.",
		"material": "Натуральная итальянская кожа",
		"color": "Коричневый",
		"size": "25 x 12cm",
		"made": "Полностью ручная работа",
		"time_made": "1-2 дня",
		"images_quantity": "4",
		"img1": "./db/img/item13.jpg",
		"img2": "./db/img/item2.jpg",
		"img3": "./db/img/item3.jpg",
		"img4": "./db/img/item4.jpg"
	},{
		"id": 14,
		"male": "man",
		"category": "Рюкзаки",
		"title_declaration": "Рюкзак",
		"title_name": "Элит",
		"price": 10000,
		"sale": true,
		"detail": " Рюкзак Элит - одновременное сочетание современных элементов с люксовыми сумками 19 века. Подойдет для молодох людей котороые бла бла бла ывподыв привет увплвтуетуи.",
		"material": "Натуральная итальянская кожа",
		"color": "Коричневый",
		"size": "25 x 12cm",
		"made": "Полностью ручная работа",
		"time_made": "1-2 дня",
		"images_quantity": "4",
		"img1": "./db/img/item14.jpg",
		"img2": "./db/img/item2.jpg",
		"img3": "./db/img/item3.jpg",
		"img4": "./db/img/item4.jpg"
	},{
		"id": 15,
		"male": "man",
		"category": "Рюкзаки",
		"title_declaration": "Рюкзак",
		"title_name": "Элит",
		"price": 12500,
		"sale": false,
		"detail": " Рюкзак Элит - одновременное сочетание современных элементов с люксовыми сумками 19 века. Подойдет для молодох людей котороые бла бла бла ывподыв привет увплвтуетуи.",
		"material": "Натуральная итальянская кожа",
		"color": "Коричневый",
		"size": "25 x 12cm",
		"made": "Полностью ручная работа",
		"time_made": "1-2 дня",
		"images_quantity": "4",
		"img1": "./db/img/item15.jpg",
		"img2": "./db/img/item2.jpg",
		"img3": "./db/img/item3.jpg",
		"img4": "./db/img/item4.jpg"
	},{
		"id": 16,
		"male": "man",
		"category": "Рюкзаки",
		"title_declaration": "Рюкзак",
		"title_name": "Элит",
		"price": 10000,
		"sale": true,
		"detail": " Рюкзак Элит - одновременное сочетание современных элементов с люксовыми сумками 19 века. Подойдет для молодох людей котороые бла бла бла ывподыв привет увплвтуетуи.",
		"material": "Натуральная итальянская кожа",
		"color": "Коричневый",
		"size": "25 x 12cm",
		"made": "Полностью ручная работа",
		"time_made": "1-2 дня",
		"images_quantity": "4",
		"img1": "./db/img/item16.jpg",
		"img2": "./db/img/item2.jpg",
		"img3": "./db/img/item3.jpg",
		"img4": "./db/img/item4.jpg"
	},{
		"id": 17,
		"male": "man",
		"category": "Рюкзаки",
		"title_declaration": "Рюкзак",
		"title_name": "Элит",
		"price": 12500,
		"sale": false,
		"detail": " Рюкзак Элит - одновременное сочетание современных элементов с люксовыми сумками 19 века. Подойдет для молодох людей котороые бла бла бла ывподыв привет увплвтуетуи.",
		"material": "Натуральная итальянская кожа",
		"color": "Коричневый",
		"size": "25 x 12cm",
		"made": "Полностью ручная работа",
		"time_made": "1-2 дня",
		"images_quantity": "4",
		"img1": "./db/img/item17.jpg",
		"img2": "./db/img/item2.jpg",
		"img3": "./db/img/item3.jpg",
		"img4": "./db/img/item4.jpg"
	},{
		"id": 18,
		"male": "man",
		"category": "Рюкзаки",
		"title_declaration": "Рюкзак",
		"title_name": "Элит",
		"price": 10000,
		"sale": true,
		"detail": " Рюкзак Элит - одновременное сочетание современных элементов с люксовыми сумками 19 века. Подойдет для молодох людей котороые бла бла бла ывподыв привет увплвтуетуи.",
		"material": "Натуральная итальянская кожа",
		"color": "Коричневый",
		"size": "25 x 12cm",
		"made": "Полностью ручная работа",
		"time_made": "1-2 дня",
		"images_quantity": "4",
		"img1": "./db/img/item18.jpg",
		"img2": "./db/img/item2.jpg",
		"img3": "./db/img/item3.jpg",
		"img4": "./db/img/item4.jpg"
	},{
		"id": 19,
		"male": "man",
		"category": "Рюкзаки",
		"title_declaration": "Рюкзак",
		"title_name": "Элит",
		"price": 12500,
		"sale": false,
		"detail": " Рюкзак Элит - одновременное сочетание современных элементов с люксовыми сумками 19 века. Подойдет для молодох людей котороые бла бла бла ывподыв привет увплвтуетуи.",
		"material": "Натуральная итальянская кожа",
		"color": "Коричневый",
		"size": "25 x 12cm",
		"made": "Полностью ручная работа",
		"time_made": "1-2 дня",
		"images_quantity": "4",
		"img1": "./db/img/item19.jpg",
		"img2": "./db/img/item2.jpg",
		"img3": "./db/img/item3.jpg",
		"img4": "./db/img/item4.jpg"
	},{
		"id": 20,
		"male": "man",
		"category": "Рюкзаки",
		"title_declaration": "Рюкзак",
		"title_name": "Элит",
		"price": 10000,
		"sale": true,
		"detail": " Рюкзак Элит - одновременное сочетание современных элементов с люксовыми сумками 19 века. Подойдет для молодох людей котороые бла бла бла ывподыв привет увплвтуетуи.",
		"material": "Натуральная итальянская кожа",
		"color": "Коричневый",
		"size": "25 x 12cm",
		"made": "Полностью ручная работа",
		"time_made": "1-2 дня",
		"images_quantity": "4",
		"img1": "./db/img/item20.jpg",
		"img2": "./db/img/item2.jpg",
		"img3": "./db/img/item3.jpg",
		"img4": "./db/img/item4.jpg"
	},{
		"id": 21,
		"male": "man",
		"category": "Рюкзаки",
		"title_declaration": "Рюкзак",
		"title_name": "Элит",
		"price": 10000,
		"sale": true,
		"detail": " Рюкзак Элит - одновременное сочетание современных элементов с люксовыми сумками 19 века. Подойдет для молодох людей котороые бла бла бла ывподыв привет увплвтуетуи.",
		"material": "Натуральная итальянская кожа",
		"color": "Коричневый",
		"size": "25 x 12cm",
		"made": "Полностью ручная работа",
		"time_made": "1-2 дня",
		"images_quantity": "4",
		"img1": "./db/img/item20.jpg",
		"img2": "./db/img/item2.jpg",
		"img3": "./db/img/item3.jpg",
		"img4": "./db/img/item4.jpg"
	},{
		"id": 22,
		"male": "man",
		"category": "Рюкзаки",
		"title_declaration": "Рюкзак",
		"title_name": "Элит",
		"price": 10000,
		"sale": true,
		"detail": " Рюкзак Элит - одновременное сочетание современных элементов с люксовыми сумками 19 века. Подойдет для молодох людей котороые бла бла бла ывподыв привет увплвтуетуи.",
		"material": "Натуральная итальянская кожа",
		"color": "Коричневый",
		"size": "25 x 12cm",
		"made": "Полностью ручная работа",
		"time_made": "1-2 дня",
		"images_quantity": "4",
		"img1": "./db/img/item20.jpg",
		"img2": "./db/img/item2.jpg",
		"img3": "./db/img/item3.jpg",
		"img4": "./db/img/item4.jpg"
	},{
		"id": 23,
		"male": "man",
		"category": "Рюкзаки",
		"title_declaration": "Рюкзак",
		"title_name": "Элит",
		"price": 10000,
		"sale": true,
		"detail": " Рюкзак Элит - одновременное сочетание современных элементов с люксовыми сумками 19 века. Подойдет для молодох людей котороые бла бла бла ывподыв привет увплвтуетуи.",
		"material": "Натуральная итальянская кожа",
		"color": "Коричневый",
		"size": "25 x 12cm",
		"made": "Полностью ручная работа",
		"time_made": "1-2 дня",
		"images_quantity": "4",
		"img1": "./db/img/item20.jpg",
		"img2": "./db/img/item2.jpg",
		"img3": "./db/img/item3.jpg",
		"img4": "./db/img/item4.jpg"
	},{
		"id": 24,
		"male": "man",
		"category": "Рюкзаки",
		"title_declaration": "Рюкзак",
		"title_name": "Элит",
		"price": 10000,
		"sale": true,
		"detail": " Рюкзак Элит - одновременное сочетание современных элементов с люксовыми сумками 19 века. Подойдет для молодох людей котороые бла бла бла ывподыв привет увплвтуетуи.",
		"material": "Натуральная итальянская кожа",
		"color": "Коричневый",
		"size": "25 x 12cm",
		"made": "Полностью ручная работа",
		"time_made": "1-2 дня",
		"images_quantity": "4",
		"img1": "./db/img/item20.jpg",
		"img2": "./db/img/item2.jpg",
		"img3": "./db/img/item3.jpg",
		"img4": "./db/img/item4.jpg"
	},{
		"id": 25,
		"male": "man",
		"category": "Рюкзаки",
		"title_declaration": "Рюкзак",
		"title_name": "Элит",
		"price": 10000,
		"sale": true,
		"detail": " Рюкзак Элит - одновременное сочетание современных элементов с люксовыми сумками 19 века. Подойдет для молодох людей котороые бла бла бла ывподыв привет увплвтуетуи.",
		"material": "Натуральная итальянская кожа",
		"color": "Коричневый",
		"size": "25 x 12cm",
		"made": "Полностью ручная работа",
		"time_made": "1-2 дня",
		"images_quantity": "4",
		"img1": "./db/img/item20.jpg",
		"img2": "./db/img/item2.jpg",
		"img3": "./db/img/item3.jpg",
		"img4": "./db/img/item4.jpg"
	},{
		"id": 26,
		"male": "man",
		"category": "Рюкзаки",
		"title_declaration": "Рюкзак",
		"title_name": "Элит",
		"price": 10000,
		"sale": true,
		"detail": " Рюкзак Элит - одновременное сочетание современных элементов с люксовыми сумками 19 века. Подойдет для молодох людей котороые бла бла бла ывподыв привет увплвтуетуи.",
		"material": "Натуральная итальянская кожа",
		"color": "Коричневый",
		"size": "25 x 12cm",
		"made": "Полностью ручная работа",
		"time_made": "1-2 дня",
		"images_quantity": "4",
		"img1": "./db/img/item20.jpg",
		"img2": "./db/img/item2.jpg",
		"img3": "./db/img/item3.jpg",
		"img4": "./db/img/item4.jpg"
	},{
		"id": 27,
		"male": "man",
		"category": "Рюкзаки",
		"title_declaration": "Рюкзак",
		"title_name": "Элит",
		"price": 10000,
		"sale": true,
		"detail": " Рюкзак Элит - одновременное сочетание современных элементов с люксовыми сумками 19 века. Подойдет для молодох людей котороые бла бла бла ывподыв привет увплвтуетуи.",
		"material": "Натуральная итальянская кожа",
		"color": "Коричневый",
		"size": "25 x 12cm",
		"made": "Полностью ручная работа",
		"time_made": "1-2 дня",
		"images_quantity": "4",
		"img1": "./db/img/item20.jpg",
		"img2": "./db/img/item2.jpg",
		"img3": "./db/img/item3.jpg",
		"img4": "./db/img/item4.jpg"
	},{
		"id": 28,
		"male": "man",
		"category": "Рюкзаки",
		"title_declaration": "Рюкзак",
		"title_name": "Элит",
		"price": 10000,
		"sale": true,
		"detail": " Рюкзак Элит - одновременное сочетание современных элементов с люксовыми сумками 19 века. Подойдет для молодох людей котороые бла бла бла ывподыв привет увплвтуетуи.",
		"material": "Натуральная итальянская кожа",
		"color": "Коричневый",
		"size": "25 x 12cm",
		"made": "Полностью ручная работа",
		"time_made": "1-2 дня",
		"images_quantity": "4",
		"img1": "./db/img/item20.jpg",
		"img2": "./db/img/item2.jpg",
		"img3": "./db/img/item3.jpg",
		"img4": "./db/img/item4.jpg"
	},{
		"id": 29,
		"male": "man",
		"category": "Рюкзаки",
		"title_declaration": "Рюкзак",
		"title_name": "Элит",
		"price": 10000,
		"sale": true,
		"detail": " Рюкзак Элит - одновременное сочетание современных элементов с люксовыми сумками 19 века. Подойдет для молодох людей котороые бла бла бла ывподыв привет увплвтуетуи.",
		"material": "Натуральная итальянская кожа",
		"color": "Коричневый",
		"size": "25 x 12cm",
		"made": "Полностью ручная работа",
		"time_made": "1-2 дня",
		"images_quantity": "4",
		"img1": "./db/img/item20.jpg",
		"img2": "./db/img/item2.jpg",
		"img3": "./db/img/item3.jpg",
		"img4": "./db/img/item4.jpg"
	},{
		"id": 30,
		"male": "man",
		"category": "Рюкзаки",
		"title_declaration": "Рюкзак",
		"title_name": "Элит",
		"price": 10000,
		"sale": true,
		"detail": " Рюкзак Элит - одновременное сочетание современных элементов с люксовыми сумками 19 века. Подойдет для молодох людей котороые бла бла бла ывподыв привет увплвтуетуи.",
		"material": "Натуральная итальянская кожа",
		"color": "Коричневый",
		"size": "25 x 12cm",
		"made": "Полностью ручная работа",
		"time_made": "1-2 дня",
		"images_quantity": "4",
		"img1": "./db/img/item20.jpg",
		"img2": "./db/img/item2.jpg",
		"img3": "./db/img/item3.jpg",
		"img4": "./db/img/item4.jpg"
	},{
		"id": 31,
		"male": "man",
		"category": "Рюкзаки",
		"title_declaration": "Рюкзак",
		"title_name": "Элит",
		"price": 10000,
		"sale": true,
		"detail": " Рюкзак Элит - одновременное сочетание современных элементов с люксовыми сумками 19 века. Подойдет для молодох людей котороые бла бла бла ывподыв привет увплвтуетуи.",
		"material": "Натуральная итальянская кожа",
		"color": "Коричневый",
		"size": "25 x 12cm",
		"made": "Полностью ручная работа",
		"time_made": "1-2 дня",
		"images_quantity": "4",
		"img1": "./db/img/item20.jpg",
		"img2": "./db/img/item2.jpg",
		"img3": "./db/img/item3.jpg",
		"img4": "./db/img/item4.jpg"
	},{
		"id": 32,
		"male": "man",
		"category": "Рюкзаки",
		"title_declaration": "Рюкзак",
		"title_name": "Элит",
		"price": 10000,
		"sale": true,
		"detail": " Рюкзак Элит - одновременное сочетание современных элементов с люксовыми сумками 19 века. Подойдет для молодох людей котороые бла бла бла ывподыв привет увплвтуетуи.",
		"material": "Натуральная итальянская кожа",
		"color": "Коричневый",
		"size": "25 x 12cm",
		"made": "Полностью ручная работа",
		"time_made": "1-2 дня",
		"images_quantity": "4",
		"img1": "./db/img/item20.jpg",
		"img2": "./db/img/item2.jpg",
		"img3": "./db/img/item3.jpg",
		"img4": "./db/img/item4.jpg"
	},{
		"id": 33,
		"male": "man",
		"category": "Рюкзаки",
		"title_declaration": "Рюкзак",
		"title_name": "Элит",
		"price": 10000,
		"sale": true,
		"detail": " Рюкзак Элит - одновременное сочетание современных элементов с люксовыми сумками 19 века. Подойдет для молодох людей котороые бла бла бла ывподыв привет увплвтуетуи.",
		"material": "Натуральная итальянская кожа",
		"color": "Коричневый",
		"size": "25 x 12cm",
		"made": "Полностью ручная работа",
		"time_made": "1-2 дня",
		"images_quantity": "4",
		"img1": "./db/img/item20.jpg",
		"img2": "./db/img/item2.jpg",
		"img3": "./db/img/item3.jpg",
		"img4": "./db/img/item4.jpg"
	},{
		"id": 34,
		"male": "man",
		"category": "Рюкзаки",
		"title_declaration": "Рюкзак",
		"title_name": "Элит",
		"price": 10000,
		"sale": true,
		"detail": " Рюкзак Элит - одновременное сочетание современных элементов с люксовыми сумками 19 века. Подойдет для молодох людей котороые бла бла бла ывподыв привет увплвтуетуи.",
		"material": "Натуральная итальянская кожа",
		"color": "Коричневый",
		"size": "25 x 12cm",
		"made": "Полностью ручная работа",
		"time_made": "1-2 дня",
		"images_quantity": "4",
		"img1": "./db/img/item20.jpg",
		"img2": "./db/img/item2.jpg",
		"img3": "./db/img/item3.jpg",
		"img4": "./db/img/item4.jpg"
	},{
		"id": 35,
		"male": "man",
		"category": "Рюкзаки",
		"title_declaration": "Рюкзак",
		"title_name": "Элит",
		"price": 10000,
		"sale": true,
		"detail": " Рюкзак Элит - одновременное сочетание современных элементов с люксовыми сумками 19 века. Подойдет для молодох людей котороые бла бла бла ывподыв привет увплвтуетуи.",
		"material": "Натуральная итальянская кожа",
		"color": "Коричневый",
		"size": "25 x 12cm",
		"made": "Полностью ручная работа",
		"time_made": "1-2 дня",
		"images_quantity": "4",
		"img1": "./db/img/item20.jpg",
		"img2": "./db/img/item2.jpg",
		"img3": "./db/img/item3.jpg",
		"img4": "./db/img/item4.jpg"
	},{
		"id": 36,
		"male": "man",
		"category": "Рюкзаки",
		"title_declaration": "Рюкзак",
		"title_name": "Элит",
		"price": 10000,
		"sale": true,
		"detail": " Рюкзак Элит - одновременное сочетание современных элементов с люксовыми сумками 19 века. Подойдет для молодох людей котороые бла бла бла ывподыв привет увплвтуетуи.",
		"material": "Натуральная итальянская кожа",
		"color": "Коричневый",
		"size": "25 x 12cm",
		"made": "Полностью ручная работа",
		"time_made": "1-2 дня",
		"images_quantity": "4",
		"img1": "./db/img/item20.jpg",
		"img2": "./db/img/item2.jpg",
		"img3": "./db/img/item3.jpg",
		"img4": "./db/img/item4.jpg"
	},{
		"id": 37,
		"male": "man",
		"category": "Рюкзаки",
		"title_declaration": "Рюкзак",
		"title_name": "Василий",
		"price": 10000,
		"sale": true,
		"detail": " Рюкзак Василий - одновременное сочетание современных элементов с люксовыми сумками 19 века. Подойдет для молодох людей котороые бла бла бла ывподыв привет увплвтуетуи.",
		"material": "Натуральная мужская кожа",
		"color": "Коричневый",
		"size": "25 x 12cm",
		"made": "Полностью ручная работа",
		"time_made": "1-2 дня",
		"images_quantity": "4",
		"img1": "./db/img/item20.jpg",
		"img2": "./db/img/item2.jpg",
		"img3": "./db/img/item3.jpg",
		"img4": "./db/img/item4.jpg"
	}]
}