{	
	"items": [{
		"id": 0,
		"male": "man",
		"category": "Сумки",
		"title_declaration": "Сумка",
		"title_name": "Элит",
		"price": 12500,
		"sale": false,
		"detail": " Рюкзак Элит - одновременное сочетание современных элементов с люксовыми сумками 19 века. Подойдет для молодох людей котороые бла бла бла ывподыв привет увплвтуетуи.",
		"material": "Натуральная итальянская кожа",
		"color": "Коричневый",
		"size": "25 x 12cm",
		"made": "Полностью ручная работа",
		"time_made": "1-2 дня",
		"images_quantity": "4",
		"img1": "./db/img/catalog/sumkiM1_1.jpg",
		"img2": "./db/img/catalog/sumkiM1_2.jpg",
		"img3": "./db/img/catalog/sumkiM1_3.jpg",
		"img4": "./db/img/catalog/sumkiM1_4.jpg"
	},{
		"id": 1,
		"male": "man",
		"category": "Сумки",
		"title_declaration": "Сумка",
		"title_name": "Элит",
		"price": 10000,
		"sale": false,
		"detail": " Рюкзак Элит - одновременное сочетание современных элементов с люксовыми сумками 19 века. Подойдет для молодох людей котороые бла бла бла ывподыв привет увплвтуетуи.",
		"material": "Натуральная итальянская кожа",
		"color": "Коричневый",
		"size": "25 x 12cm",
		"made": "Полностью ручная работа",
		"time_made": "1-2 дня",
		"images_quantity": "4",
		"img1": "./db/img/catalog/sumkiM2_1.jpg",
		"img2": "./db/img/catalog/sumkiM2_2.jpg",
		"img3": "./db/img/catalog/sumkiM2_3.jpg"
	},{
		"id": 2,
		"male": "man",
		"category": "Сумки",
		"title_declaration": "Сумка",
		"title_name": "Элит",
		"price": 10000,
		"sale": false,
		"detail": " Рюкзак Элит - одновременное сочетание современных элементов с люксовыми сумками 19 века. Подойдет для молодох людей котороые бла бла бла ывподыв привет увплвтуетуи.",
		"material": "Натуральная итальянская кожа",
		"color": "Коричневый",
		"size": "25 x 12cm",
		"made": "Полностью ручная работа",
		"time_made": "1-2 дня",
		"images_quantity": "4",
		"img1": "./db/img/catalog/sumkiM3_1.jpg"
	},{
		"id": 3,
		"male": "man",
		"category": "Сумки",
		"title_declaration": "Сумка",
		"title_name": "Элит",
		"price": 10000,
		"sale": false,
		"detail": " Рюкзак Элит - одновременное сочетание современных элементов с люксовыми сумками 19 века. Подойдет для молодох людей котороые бла бла бла ывподыв привет увплвтуетуи.",
		"material": "Натуральная итальянская кожа",
		"color": "Коричневый",
		"size": "25 x 12cm",
		"made": "Полностью ручная работа",
		"time_made": "1-2 дня",
		"images_quantity": "4",
		"img1": "./db/img/catalog/sumkiM4_1.jpg",
		"img2": "./db/img/catalog/sumkiM4_2.jpg",
		"img3": "./db/img/catalog/sumkiM4_3.jpg"
	},{
		"id": 4,
		"male": "man",
		"category": "Сумки",
		"title_declaration": "Сумка",
		"title_name": "Элит",
		"price": 10000,
		"sale": true,
		"detail": " Рюкзак Элит - одновременное сочетание современных элементов с люксовыми сумками 19 века. Подойдет для молодох людей котороые бла бла бла ывподыв привет увплвтуетуи.",
		"material": "Натуральная итальянская кожа",
		"color": "Коричневый",
		"size": "25 x 12cm",
		"made": "Полностью ручная работа",
		"time_made": "1-2 дня",
		"images_quantity": "4",
		"img1": "./db/img/catalog/sumkiM5_1.jpg",
		"img2": "./db/img/catalog/sumkiM5_2.jpg"
	},{
		"id": 5,
		"male": "woman",
		"category": "Рюкзаки",
		"title_declaration": "Рюкзак",
		"title_name": "Василий",
		"price": 10000,
		"sale": true,
		"detail": " Рюкзак Василий - одновременное сочетание современных элементов с люксовыми сумками 19 века. Подойдет для молодох людей котороые бла бла бла ывподыв привет увплвтуетуи.",
		"material": "Натуральная мужская кожа",
		"color": "Коричневый",
		"size": "25 x 12cm",
		"made": "Полностью ручная работа",
		"time_made": "1-2 дня",
		"images_quantity": "4",
		"img1": "./db/img/item20.jpg",
		"img2": "./db/img/item2.jpg",
		"img3": "./db/img/item3.jpg",
		"img4": "./db/img/item4.jpg"
	}]
}